Date,Australasia & Oceania,Central America & Caribbean,Central Asia,East Asia,Eastern Europe,Middle East & North Africa,North America,South America,South Asia,Southeast Asia,Sub-Saharan Africa,Western Europe,Sum
1969-11-30,0,0,0,0,0,0,1,0,0,0,0,0,1
1969-12-31,0,0,0,1,0,0,0,0,0,1,0,1,3
1970-01-31,0,1,0,0,2,0,26,3,0,2,1,1,36
1970-02-28,0,0,0,0,0,1,50,0,0,1,0,4,56
1970-03-31,0,3,0,1,0,2,54,3,0,1,2,3,69
1970-04-30,0,0,0,0,1,2,71,2,0,2,0,2,80
1970-05-31,0,0,0,0,2,0,61,4,0,0,0,3,70
1970-06-30,0,0,0,0,0,7,40,4,0,2,0,10,63
1970-07-31,0,3,0,0,0,0,52,9,0,0,0,4,68
1970-08-31,0,0,0,0,4,2,30,5,0,0,0,2,43
1970-09-30,0,0,0,0,2,2,20,9,0,0,0,8,41
1970-10-31,1,0,0,0,0,7,34,8,0,0,0,5,55
1970-11-30,0,0,0,0,1,3,22,9,1,1,0,3,40
1970-12-31,0,0,0,0,0,2,11,9,0,0,0,4,26
1971-01-31,0,3,0,0,0,7,19,7,0,0,2,6,44
1971-02-28,0,1,0,0,0,13,18,3,0,3,0,7,45
1971-03-31,0,0,0,0,0,8,30,4,0,1,0,8,51
1971-04-30,0,0,0,0,0,6,42,2,0,0,0,4,54
1971-05-31,0,1,0,0,4,6,32,4,0,0,0,9,56
1971-06-30,0,0,0,0,0,1,21,0,0,0,0,4,26
1971-07-31,0,0,0,0,0,1,13,1,0,0,0,7,22
1971-08-31,0,0,0,0,0,0,33,0,0,2,0,14,49
1971-09-30,0,0,0,0,0,5,12,0,0,0,0,19,36
1971-10-31,0,0,0,0,1,3,8,0,0,0,0,14,26
1971-11-30,1,0,0,1,0,4,13,3,0,1,0,17,40
1971-12-31,0,0,0,0,0,2,6,0,0,0,0,16,24
1972-01-31,0,0,0,0,1,5,17,1,0,0,0,12,36
1972-02-29,0,0,0,0,0,1,7,1,1,0,0,22,32
1972-03-31,0,0,0,0,0,1,3,1,0,2,0,29,36
1972-04-30,0,0,0,0,0,1,4,1,0,0,0,16,22
1972-05-31,0,1,0,0,0,14,11,5,0,0,0,43,74
1972-06-30,0,0,0,0,0,0,3,2,0,2,0,27,34
1972-07-31,0,0,0,0,0,0,1,2,0,2,0,56,61
1972-08-31,0,0,0,0,0,5,5,0,0,1,0,38,49
1972-09-30,7,0,0,0,0,18,8,13,0,7,4,50,107
1972-10-31,0,0,0,0,0,3,5,2,0,0,0,27,37
1972-11-30,0,2,0,0,0,3,1,3,0,0,0,21,30
1972-12-31,1,0,0,0,0,1,8,3,0,1,0,35,49
1973-01-31,0,2,0,0,0,4,8,4,0,0,1,25,44
1973-02-28,0,0,0,0,0,1,3,4,0,0,0,29,37
1973-03-31,0,0,0,0,0,3,8,4,0,0,1,30,46
1973-04-30,0,1,0,1,0,4,4,12,0,1,0,21,44
1973-05-31,0,1,0,0,0,2,5,10,1,0,0,28,47
1973-06-30,0,0,0,0,0,1,2,1,0,0,0,26,30
1973-07-31,0,1,0,0,0,0,3,9,0,0,0,17,30
1973-08-31,1,0,0,1,1,0,2,8,0,0,0,27,40
1973-09-30,0,1,0,0,0,1,4,5,0,0,2,22,35
1973-10-31,0,0,0,0,0,1,7,10,0,1,0,17,36
1973-11-30,0,0,0,0,0,1,7,8,0,0,0,22,38
1973-12-31,0,0,0,0,0,1,11,8,0,0,0,28,48
1974-01-31,0,1,0,0,0,0,7,7,0,1,0,29,45
1974-02-28,0,0,0,0,0,4,13,0,1,0,1,22,41
1974-03-31,0,3,0,0,0,4,8,14,0,0,2,30,61
1974-04-30,0,1,0,0,0,3,10,6,0,2,2,22,46
1974-05-31,0,1,0,0,0,8,9,4,0,0,1,29,52
1974-06-30,0,1,0,0,1,2,14,13,0,0,0,21,52
1974-07-31,0,0,0,1,0,2,3,3,0,0,0,23,32
1974-08-31,0,1,0,1,0,2,7,2,0,0,0,18,31
1974-09-30,0,2,0,0,0,2,3,20,0,0,0,20,47
1974-10-31,0,0,0,0,0,7,11,4,0,0,0,31,53
1974-11-30,0,0,0,2,1,3,6,6,1,0,0,47,66
1974-12-31,1,1,0,0,0,5,20,1,1,0,1,29,59
1975-01-31,0,0,0,0,0,5,7,1,1,0,1,15,30
1975-02-28,0,0,0,1,0,4,15,10,1,0,0,41,72
1975-03-31,0,0,0,0,0,7,18,10,0,0,3,31,69
1975-04-30,0,1,0,1,0,2,17,8,0,0,1,28,58
1975-05-31,0,0,0,2,0,6,15,2,0,0,1,55,81
1975-06-30,0,1,0,0,0,3,9,5,0,1,1,29,49
1975-07-31,0,1,0,2,0,2,7,2,1,1,1,26,43
1975-08-31,0,2,0,3,0,0,9,5,0,3,1,41,64
1975-09-30,0,0,0,2,0,2,9,2,0,1,1,55,72
1975-10-31,0,0,0,1,0,10,24,5,0,0,1,55,96
1975-11-30,0,2,0,0,0,3,9,2,0,1,0,31,48
1975-12-31,0,2,0,0,0,2,20,3,0,0,1,26,54
1976-01-31,0,1,0,0,0,8,15,9,0,0,1,40,74
1976-02-29,0,5,0,0,0,6,8,9,0,3,2,36,69
1976-03-31,0,2,0,1,0,11,9,6,0,0,0,31,60
1976-04-30,0,2,0,0,0,6,9,5,0,1,3,55,81
1976-05-31,0,3,0,0,0,2,15,9,1,2,0,70,102
1976-06-30,0,3,0,0,0,1,19,7,0,2,1,52,85
1976-07-31,0,6,0,0,0,2,17,5,0,1,1,49,81
1976-08-31,0,12,0,0,0,2,4,9,0,0,1,44,72
1976-09-30,0,2,0,0,0,2,9,15,2,0,1,41,72
1976-10-31,0,3,0,1,0,3,4,11,1,0,0,66,89
1976-11-30,0,6,0,3,0,6,4,5,0,3,1,52,80
1976-12-31,0,0,0,0,0,4,12,1,0,0,0,46,63
1977-01-31,0,1,0,0,0,2,13,6,1,0,3,57,83
1977-02-28,0,2,0,0,0,11,11,4,0,0,2,36,66
1977-03-31,0,0,0,0,0,43,20,6,0,0,4,43,116
1977-04-30,0,4,0,0,0,3,8,5,0,0,2,39,61
1977-05-31,0,1,0,0,0,27,10,0,0,1,2,43,84
1977-06-30,0,3,0,0,1,7,8,9,0,1,1,114,144
1977-07-31,0,2,0,0,0,41,6,10,0,0,3,69,131
1977-08-31,0,0,0,0,0,62,17,2,0,2,0,53,136
1977-09-30,0,3,0,0,0,0,22,24,1,1,0,48,99
1977-10-31,0,5,0,1,0,2,20,23,0,0,1,115,167
1977-11-30,0,1,0,0,0,3,7,15,0,2,5,45,78
1977-12-31,0,3,0,0,1,10,7,16,0,1,6,104,148
1978-01-31,0,3,0,5,1,6,15,28,0,3,2,101,164
1978-02-28,1,22,0,1,0,7,10,23,0,2,3,78,147
1978-03-31,0,18,0,4,0,5,12,11,0,0,3,80,133
1978-04-30,0,9,0,0,0,5,5,11,0,4,0,71,105
1978-05-31,1,7,0,11,1,7,15,23,0,1,4,56,126
1978-06-30,0,5,0,3,0,8,6,15,0,0,5,55,97
1978-07-31,0,8,0,2,0,3,11,8,0,0,0,45,77
1978-08-31,0,4,0,2,0,13,10,29,2,4,1,35,100
1978-09-30,0,20,0,5,0,12,4,21,0,22,5,44,133
1978-10-31,0,28,0,0,0,23,16,12,0,3,9,36,127
1978-11-30,0,46,0,1,0,16,5,20,0,3,4,33,128
1978-12-31,0,30,0,2,0,23,8,22,0,3,10,95,193
1979-01-31,1,68,0,0,0,26,0,24,2,16,13,97,247
1979-02-28,0,57,0,1,0,64,7,15,3,9,13,66,235
1979-03-31,1,39,0,5,0,30,8,16,3,9,10,139,260
1979-04-30,0,15,0,1,1,28,5,14,2,21,24,104,215
1979-05-31,0,129,0,1,0,34,7,28,0,11,15,151,376
1979-06-30,0,24,0,7,0,37,10,19,3,8,14,111,233
1979-07-31,0,13,0,0,0,58,3,16,3,3,9,60,165
1979-08-31,0,46,0,0,0,65,5,21,9,0,5,51,202
1979-09-30,0,29,0,0,0,48,5,27,3,1,9,55,177
1979-10-31,0,101,0,0,0,28,12,20,0,4,3,55,223
1979-11-30,0,36,0,0,0,19,10,20,3,2,7,60,157
1979-12-31,0,50,0,0,0,18,7,14,3,1,2,71,166
1980-01-31,0,51,0,0,0,53,11,13,2,8,6,83,227
1980-02-29,0,46,0,1,0,41,7,18,0,3,13,47,176
1980-03-31,0,86,0,0,0,57,7,12,2,14,6,70,254
1980-04-30,0,128,0,0,1,57,6,28,2,8,5,65,300
1980-05-31,0,91,0,0,0,39,2,15,2,1,1,44,195
1980-06-30,1,72,0,0,0,62,8,58,0,9,7,61,278
1980-07-31,0,108,0,0,0,37,11,24,0,0,1,38,219
1980-08-31,0,87,0,0,0,18,5,26,1,16,2,30,185
1980-09-30,0,124,0,0,0,12,3,26,0,18,3,32,218
1980-10-31,0,106,0,0,0,27,7,38,0,7,8,47,240
1980-11-30,3,108,0,0,0,22,2,24,1,0,4,44,208
1980-12-31,3,64,0,0,0,13,7,38,2,3,8,39,177
1981-01-31,0,78,0,0,0,38,6,23,2,4,3,43,197
1981-02-28,0,93,0,1,0,29,6,23,2,7,13,37,211
1981-03-31,0,85,0,2,0,32,4,29,2,4,9,42,209
1981-04-30,0,85,0,0,0,19,4,45,3,2,9,40,207
1981-05-31,0,96,0,0,1,12,8,40,1,3,14,47,222
1981-06-30,0,72,0,0,1,15,9,9,1,15,6,49,177
1981-07-31,0,74,0,0,0,32,3,29,2,3,10,41,194
1981-08-31,2,125,0,1,1,44,7,43,2,4,4,33,266
1981-09-30,0,69,0,0,1,27,12,31,4,3,7,32,186
1981-10-31,0,88,0,0,0,26,4,46,2,3,6,60,235
1981-11-30,1,96,0,0,0,19,10,27,1,1,9,40,204
1981-12-31,0,189,0,0,0,19,4,40,1,1,2,15,271
1982-01-31,0,141,0,0,0,21,5,29,0,1,1,28,226
1982-02-28,0,84,0,0,0,26,10,38,1,5,2,14,180
1982-03-31,0,112,0,1,1,42,2,92,1,0,5,22,278
1982-04-30,0,68,0,0,0,82,10,54,0,1,1,40,256
1982-05-31,0,93,0,0,0,48,16,32,0,18,11,16,234
1982-06-30,0,60,0,0,0,9,4,20,6,0,5,54,158
1982-07-31,0,60,0,0,0,6,9,81,0,2,6,53,217
1982-08-31,0,79,0,0,0,10,6,89,4,4,4,34,230
1982-09-30,0,44,0,2,2,12,6,51,3,8,4,46,178
1982-10-31,0,127,0,0,0,10,4,44,3,0,3,49,240
1982-11-30,0,51,0,0,0,11,3,44,1,0,4,24,138
1982-12-31,2,74,0,0,0,12,10,63,1,4,15,24,205
1983-01-31,0,91,0,0,0,36,6,114,1,1,10,37,296
1983-02-28,0,44,0,0,0,35,4,55,11,2,11,33,195
1983-03-31,0,83,0,0,1,42,3,43,10,6,11,40,239
1983-04-30,0,64,0,0,0,40,3,46,7,4,5,40,209
1983-05-31,0,110,0,1,1,32,4,74,0,0,6,69,297
1983-06-30,0,40,0,2,0,56,2,117,3,0,7,25,252
1983-07-31,0,44,0,5,0,26,4,96,1,0,7,42,225
1983-08-31,0,93,0,0,0,11,8,59,4,1,10,35,221
1983-09-30,0,107,0,1,0,4,2,77,7,3,4,31,236
1983-10-31,0,70,0,0,0,7,5,109,11,3,8,47,260
1983-11-30,0,65,0,4,0,10,3,96,7,2,15,28,230
1983-12-31,0,47,0,0,0,35,3,64,1,0,11,46,207
1984-01-31,0,56,0,0,0,75,4,99,2,1,3,44,284
1984-02-29,0,67,0,1,0,55,3,79,14,3,11,52,285
1984-03-31,1,87,0,0,0,40,7,167,21,4,9,41,377
1984-04-30,0,73,0,1,0,9,8,125,83,3,16,45,363
1984-05-31,0,37,0,0,1,10,4,153,30,13,14,36,298
1984-06-30,0,57,0,0,1,5,5,93,22,1,15,52,251
1984-07-31,0,56,0,9,0,7,5,181,9,1,21,56,345
1984-08-31,0,42,0,0,1,25,4,184,27,2,11,64,360
1984-09-30,0,69,0,2,0,9,13,121,8,2,10,29,263
1984-10-31,0,52,0,1,0,12,1,110,4,2,3,50,235
1984-11-30,6,52,0,0,0,9,4,110,11,7,6,36,241
1984-12-31,4,33,0,1,1,12,9,69,13,7,7,50,206
1985-01-31,0,78,0,1,2,19,2,68,15,7,1,27,220
1985-02-28,0,64,0,0,1,17,3,60,5,4,2,29,185
1985-03-31,0,46,0,0,0,16,3,96,5,5,4,48,223
1985-04-30,0,21,0,2,0,5,2,76,13,4,4,31,158
1985-05-31,4,151,0,3,1,15,2,109,18,12,19,86,420
1985-06-30,0,74,0,1,0,7,4,111,27,10,26,36,296
1985-07-31,0,75,0,2,0,12,2,94,10,21,11,36,263
1985-08-31,0,68,0,0,0,13,5,93,12,31,11,33,266
1985-09-30,0,72,0,0,0,20,2,47,14,7,7,36,205
1985-10-31,0,51,0,0,0,6,6,98,11,7,8,30,217
1985-11-30,1,30,0,1,1,2,4,112,23,5,20,34,233
1985-12-31,2,50,0,0,0,1,9,76,9,15,28,26,216
1986-01-31,0,57,0,0,0,7,5,90,19,5,19,21,223
1986-02-28,1,36,0,0,0,16,0,85,8,14,20,22,202
1986-03-31,1,38,0,5,0,23,5,118,38,24,20,28,300
1986-04-30,1,50,0,2,0,13,4,104,15,6,13,40,248
1986-05-31,0,32,0,0,1,17,5,129,24,5,9,26,248
1986-06-30,0,23,0,1,0,28,2,167,40,5,29,49,344
1986-07-31,0,29,0,0,0,19,1,116,21,8,25,48,267
1986-08-31,0,29,0,0,0,20,2,93,30,3,12,46,235
1986-09-30,0,36,0,2,1,25,7,74,20,7,11,35,218
1986-10-31,0,10,0,1,1,9,11,79,25,8,9,44,197
1986-11-30,1,37,0,0,0,12,5,53,8,14,11,25,166
1986-12-31,0,16,0,1,0,7,6,76,24,3,7,71,211
1987-01-31,0,18,0,3,0,23,2,97,36,21,13,26,239
1987-02-28,0,12,0,0,0,18,2,107,17,13,9,92,270
1987-03-31,0,33,0,1,0,9,2,104,13,9,17,38,226
1987-04-30,0,62,0,0,0,8,2,144,14,5,33,38,306
1987-05-31,1,42,0,2,0,13,10,113,10,5,19,31,246
1987-06-30,0,42,0,0,0,22,1,101,48,31,10,40,295
1987-07-31,1,81,0,0,0,18,3,88,30,18,24,35,298
1987-08-31,0,41,0,2,0,29,2,123,39,13,7,32,288
1987-09-30,0,31,0,1,1,21,5,149,36,7,11,28,290
1987-10-31,1,38,0,1,0,11,2,95,52,13,9,27,249
1987-11-30,0,124,0,0,0,16,4,98,28,12,16,17,315
1987-12-31,0,42,0,0,0,14,0,46,25,16,6,12,161
1988-01-31,0,46,0,1,0,2,4,84,72,41,10,28,288
1988-02-29,1,78,0,2,0,29,1,90,69,16,18,20,324
1988-03-31,0,45,0,6,1,35,2,79,70,47,23,50,358
1988-04-30,4,21,0,2,3,15,0,96,45,24,21,45,276
1988-05-31,4,30,0,2,0,29,3,95,72,22,22,48,327
1988-06-30,1,28,0,1,0,21,2,109,85,32,31,24,334
1988-07-31,1,43,0,1,0,10,3,89,108,21,36,28,340
1988-08-31,0,5,0,1,0,24,0,59,63,14,23,71,260
1988-09-30,0,18,0,3,0,11,6,61,49,5,52,33,238
1988-10-31,0,60,0,4,0,32,2,64,54,3,53,54,326
1988-11-30,0,59,0,0,0,19,4,110,63,9,19,37,320
1988-12-31,1,62,0,1,0,19,4,106,51,8,29,51,332
1989-01-31,1,46,0,1,0,33,1,93,78,15,33,21,322
1989-02-28,0,79,0,2,2,27,4,113,81,23,22,25,378
1989-03-31,1,40,0,2,2,28,5,102,62,18,19,42,321
1989-04-30,0,74,0,4,5,29,5,72,56,12,27,57,341
1989-05-31,4,45,0,1,2,44,3,110,51,10,29,60,359
1989-06-30,5,16,0,1,0,41,3,92,47,11,24,32,272
1989-07-31,4,41,0,0,2,32,5,130,42,11,31,26,324
1989-08-31,1,36,0,1,1,49,4,116,97,7,28,26,366
1989-09-30,7,49,0,1,1,67,3,162,112,22,28,47,499
1989-10-31,3,37,0,0,1,40,1,225,92,19,12,42,472
1989-11-30,2,24,0,2,0,48,1,90,122,34,17,39,379
1989-12-31,1,16,0,3,0,28,8,79,86,21,21,27,290
1990-01-31,13,10,0,11,4,40,5,76,58,21,16,30,284
1990-02-28,1,16,0,2,2,20,3,81,56,20,18,23,242
1990-03-31,3,52,0,4,7,35,1,170,47,26,20,31,396
1990-04-30,0,16,0,5,4,55,6,92,65,14,52,31,340
1990-05-31,0,54,0,8,2,33,8,126,31,31,80,38,411
1990-06-30,0,37,0,1,9,58,3,106,87,14,34,47,396
1990-07-31,0,12,0,11,4,47,2,91,70,42,58,32,369
1990-08-31,0,28,0,3,9,41,1,62,64,43,66,24,341
1990-09-30,0,12,0,0,1,57,6,51,35,35,63,34,294
1990-10-31,0,18,0,4,12,53,1,105,34,43,17,36,323
1990-11-30,1,31,0,42,4,33,1,53,32,32,18,26,273
1990-12-31,0,31,0,8,0,21,0,63,22,29,8,38,220
1991-01-31,1,67,0,1,2,51,3,98,49,19,9,97,397
1991-02-28,2,16,0,4,3,43,8,131,39,21,25,45,337
1991-03-31,1,27,0,2,6,70,5,44,32,13,25,49,274
1991-04-30,0,33,0,3,4,58,3,78,55,27,22,45,328
1991-05-31,1,80,0,1,7,26,2,116,32,14,25,43,347
1991-06-30,0,62,0,2,11,35,3,114,66,13,6,41,353
1991-07-31,0,97,0,4,26,46,1,169,82,15,10,63,513
1991-08-31,0,83,1,2,13,59,6,111,66,16,8,61,426
1991-09-30,3,52,3,2,1,28,4,169,55,23,21,43,404
1991-10-31,2,129,0,2,1,77,0,118,68,23,50,58,528
1991-11-30,0,55,2,4,5,79,3,113,58,4,36,76,435
1991-12-31,0,27,1,2,5,40,2,61,75,16,35,76,340
1992-01-31,2,33,3,2,3,41,4,110,34,16,37,81,366
1992-02-29,1,16,4,8,4,66,4,58,48,24,48,52,333
1992-03-31,2,15,13,1,18,136,2,87,59,18,86,86,523
1992-04-30,1,22,2,6,11,90,5,60,53,24,47,38,359
1992-05-31,1,25,6,5,8,90,2,122,71,40,54,33,457
1992-06-30,2,7,4,4,5,88,2,61,30,25,36,43,307
1992-07-31,1,10,9,0,7,141,1,86,33,26,38,38,390
1992-08-31,3,12,9,5,7,125,5,39,46,32,52,56,391
1992-09-30,0,12,3,17,8,131,3,101,34,9,39,98,455
1992-10-31,2,29,7,21,8,125,2,121,44,25,48,75,507
1992-11-30,1,12,8,1,7,98,8,212,18,24,62,82,533
1992-12-31,1,19,9,4,5,61,3,147,75,16,22,86,448
1993-01-31,0,0,0,0,0,0,0,0,0,0,0,0,0
1993-02-28,0,0,0,0,0,0,0,0,0,0,0,0,0
1993-03-31,0,0,0,0,0,0,0,0,0,0,0,0,0
1993-04-30,0,0,0,0,0,0,0,0,0,0,0,0,0
1993-05-31,0,0,0,0,0,0,0,0,0,0,0,0,0
1993-06-30,0,0,0,0,0,0,0,0,0,0,0,0,0
1993-07-31,0,0,0,0,0,0,0,0,0,0,0,0,0
1993-08-31,0,0,0,0,0,0,0,0,0,0,0,0,0
1993-09-30,0,0,0,0,0,0,0,0,0,0,0,0,0
1993-10-31,0,0,0,0,0,0,0,0,0,0,0,0,0
1993-11-30,0,0,0,0,0,0,0,0,0,0,0,0,0
1993-12-31,0,0,0,0,0,0,1,0,0,0,0,0,1
1994-01-31,1,18,2,0,4,131,20,20,17,3,36,76,328
1994-02-28,0,19,4,3,2,106,2,44,9,11,56,62,318
1994-03-31,5,17,8,4,10,178,10,39,11,14,76,49,421
1994-04-30,0,8,5,3,10,104,8,12,18,15,93,89,365
1994-05-31,0,13,9,1,12,87,6,66,27,13,31,49,314
1994-06-30,1,19,11,2,13,59,5,39,11,18,24,41,243
1994-07-31,0,18,3,1,9,48,5,39,41,11,19,62,256
1994-08-31,0,15,0,2,11,58,2,13,13,8,23,67,212
1994-09-30,3,21,8,5,7,78,7,20,31,17,18,30,245
1994-10-31,3,15,5,2,6,72,14,35,39,16,20,13,240
1994-11-30,1,11,6,3,7,62,8,14,52,11,19,25,219
1994-12-31,0,6,4,8,4,68,16,32,107,14,17,21,297
1995-01-31,0,22,6,7,4,60,12,21,25,7,30,19,213
1995-02-28,0,30,6,0,3,67,12,18,73,11,15,19,254
1995-03-31,0,12,6,7,8,63,9,21,52,11,30,51,270
1995-04-30,0,7,7,2,3,43,10,6,41,12,14,23,168
1995-05-31,0,11,4,7,7,37,8,28,170,22,20,10,324
1995-06-30,3,15,5,3,4,29,6,15,148,27,20,13,288
1995-07-31,2,25,6,4,4,44,4,20,84,21,20,71,305
1995-08-31,5,6,3,1,4,53,8,11,100,10,15,31,247
1995-09-30,4,8,3,0,5,62,3,29,136,12,17,21,300
1995-10-31,4,11,5,3,15,46,6,51,131,10,14,19,315
1995-11-30,0,10,3,0,6,37,7,16,40,7,18,27,171
1995-12-31,0,11,1,4,5,49,6,19,51,18,26,35,225
1996-01-31,3,9,1,2,13,35,9,15,102,11,11,86,297
1996-02-29,1,18,4,1,11,33,4,15,94,9,17,26,233
1996-03-31,0,2,4,5,8,32,3,24,88,16,22,28,232
1996-04-30,0,4,2,5,16,25,8,58,80,17,15,21,251
1996-05-31,0,20,2,3,7,32,4,40,92,20,29,39,288
1996-06-30,2,10,1,2,10,43,7,25,43,12,18,15,188
1996-07-31,1,3,5,52,13,25,18,44,30,17,16,54,278
1996-08-31,2,17,3,5,25,31,20,51,29,6,9,40,238
1996-09-30,1,5,2,2,12,22,13,99,74,8,16,35,289
1996-10-31,7,11,0,4,28,27,8,79,40,46,20,35,305
1996-11-30,1,8,3,5,24,30,8,31,27,21,10,39,207
1996-12-31,1,9,6,3,8,38,9,36,40,10,34,56,250
1997-01-31,0,8,9,0,19,40,17,37,35,9,18,47,239
1997-02-28,2,8,8,11,13,24,12,30,47,13,16,84,268
1997-03-31,1,9,1,8,20,31,13,59,37,42,13,20,254
1997-04-30,0,15,1,5,11,41,9,35,35,15,15,51,233
1997-05-31,0,3,1,2,11,26,8,54,22,23,17,22,189
1997-06-30,2,13,2,1,33,39,6,62,107,12,11,20,308
1997-07-31,0,20,1,7,43,55,18,84,56,10,19,24,337
1997-08-31,1,9,5,0,25,91,4,108,51,10,33,10,347
1997-09-30,1,6,9,1,25,48,4,102,14,6,26,15,257
1997-10-31,0,9,6,2,15,57,7,75,34,9,57,8,279
1997-11-30,0,12,3,1,9,39,22,63,32,3,18,17,219
1997-12-31,0,5,3,2,24,57,17,65,20,7,36,31,267
1998-01-31,0,0,0,0,9,32,2,2,11,3,5,18,82
1998-02-28,0,0,2,2,2,25,1,6,30,3,9,15,95
1998-03-31,0,0,1,0,2,14,2,10,12,6,1,16,64
1998-04-30,0,0,2,0,6,11,3,14,9,1,11,8,65
1998-05-31,0,0,0,6,10,17,1,6,4,0,1,10,55
1998-06-30,0,0,0,0,2,17,6,0,7,1,2,5,40
1998-07-31,0,0,7,0,25,18,5,2,9,3,9,27,105
1998-08-31,0,0,3,0,14,21,3,42,14,3,13,12,125
1998-09-30,1,1,1,1,5,28,4,7,8,2,6,1,65
1998-10-31,0,0,5,0,12,37,8,10,18,3,10,12,115
1998-11-30,1,0,4,0,13,19,1,7,11,6,18,10,90
1998-12-31,4,0,0,0,5,9,1,2,3,1,2,7,34
1999-01-31,0,1,0,0,5,7,0,3,10,7,13,16,62
1999-02-28,0,0,6,0,8,6,0,6,4,2,17,12,61
1999-03-31,0,1,2,0,14,63,10,20,20,8,7,39,184
1999-04-30,0,1,2,2,9,11,3,11,13,5,12,20,89
1999-05-31,0,0,0,0,7,26,2,6,15,14,10,15,95
1999-06-30,1,0,1,1,32,46,4,21,13,12,18,32,181
1999-07-31,0,0,2,0,10,43,10,16,29,12,19,19,160
1999-08-31,3,0,1,0,8,33,6,10,32,5,8,8,114
1999-09-30,0,2,3,0,6,14,2,8,15,16,3,10,79
1999-10-31,0,2,4,0,16,33,14,10,27,14,10,34,164
1999-11-30,0,1,3,1,12,23,1,9,29,9,25,27,140
1999-12-31,0,0,0,1,11,10,4,15,18,3,1,4,67
2000-01-31,0,0,2,0,15,25,7,16,51,7,38,23,184
2000-02-29,0,1,1,1,12,18,2,21,25,12,10,8,111
2000-03-31,0,1,1,0,9,22,3,13,21,8,7,11,96
2000-04-30,0,2,1,0,3,17,3,11,31,9,3,17,97
2000-05-31,0,2,3,0,20,15,4,5,25,37,15,8,134
2000-06-30,1,0,1,10,37,20,1,3,29,18,16,31,167
2000-07-31,1,1,1,1,21,24,4,8,31,22,17,25,156
2000-08-31,0,0,4,2,23,11,1,7,26,8,13,26,121
2000-09-30,2,0,2,1,36,20,3,32,40,37,25,39,237
2000-10-31,1,1,3,1,27,29,1,15,22,22,15,28,165
2000-11-30,1,5,1,2,19,43,4,11,28,22,19,27,182
2000-12-31,0,1,1,0,12,29,8,9,28,54,13,10,165
2001-01-31,0,4,0,2,25,34,5,23,24,8,12,31,168
2001-02-28,0,2,1,2,16,19,2,11,33,11,12,21,130
2001-03-31,0,1,1,0,25,37,2,11,26,16,17,29,165
2001-04-30,0,0,2,1,15,22,3,6,33,13,13,9,117
2001-05-31,0,0,0,0,13,28,3,9,19,7,10,9,98
2001-06-30,0,0,2,0,6,10,4,5,15,12,16,10,80
2001-07-31,0,1,3,1,8,18,2,10,13,6,8,15,85
2001-08-31,0,0,6,1,99,86,4,84,115,65,33,67,560
2001-09-30,2,0,3,1,16,31,7,14,28,6,15,17,140
2001-10-31,1,0,0,2,1,20,13,16,20,7,5,11,96
2001-11-30,1,0,0,0,18,23,3,23,35,20,7,10,140
2001-12-31,0,0,0,9,10,33,0,16,24,14,14,5,125
2002-01-31,0,0,0,0,24,31,2,24,31,13,7,15,147
2002-02-28,0,0,0,1,15,50,0,22,25,6,8,16,143
2002-03-31,0,0,1,0,2,37,1,7,13,1,10,6,78
2002-04-30,0,0,0,0,3,26,0,21,25,11,12,11,109
2002-05-31,0,3,1,1,11,36,20,27,39,7,19,20,184
2002-06-30,0,0,2,0,8,31,2,11,14,14,14,10,106
2002-07-31,1,0,0,0,11,24,2,9,25,12,4,5,93
2002-08-31,1,0,0,1,22,27,2,12,36,13,17,8,139
2002-09-30,0,0,1,0,1,13,2,6,35,7,6,17,88
2002-10-31,0,0,0,1,4,18,1,4,21,19,9,2,79
2002-11-30,0,0,1,0,8,25,1,12,43,3,11,3,107
2002-12-31,0,0,0,0,3,8,0,6,27,4,4,7,59
2003-01-31,0,3,2,2,23,28,3,33,64,21,10,12,201
2003-02-28,3,0,0,2,9,19,0,6,30,24,4,11,108
2003-03-31,1,0,0,1,14,30,11,29,61,35,2,12,196
2003-04-30,0,0,0,0,4,13,1,8,21,22,10,4,83
2003-05-31,0,0,1,0,14,39,2,12,40,22,9,17,156
2003-06-30,0,0,0,0,6,15,3,1,21,2,5,8,61
2003-07-31,0,1,0,0,11,22,0,4,33,10,17,19,117
2003-08-31,0,0,0,0,1,13,4,6,5,2,1,4,36
2003-09-30,0,0,0,0,4,30,6,2,26,1,4,1,74
2003-10-31,0,4,1,0,1,21,2,10,9,1,1,9,59
2003-11-30,0,0,0,1,8,42,2,3,29,3,9,10,107
2003-12-31,0,0,3,0,5,38,0,3,14,2,1,14,80
2004-01-31,0,0,0,1,0,29,0,4,31,7,5,2,79
2004-02-29,0,1,0,0,3,21,2,3,8,3,1,2,44
2004-03-31,0,1,2,1,6,18,1,2,31,8,4,8,82
2004-04-30,0,0,1,0,1,36,3,0,38,9,5,5,98
2004-05-31,0,0,0,0,3,37,0,12,25,7,6,2,92
2004-06-30,0,0,0,0,5,60,1,8,57,17,5,5,158
2004-07-31,0,0,3,1,8,49,2,5,40,3,1,1,113
2004-08-31,0,0,2,0,5,45,0,5,47,8,0,7,119
2004-09-30,0,2,0,0,9,55,0,2,21,3,3,10,105
2004-10-31,0,0,0,0,3,64,1,0,40,7,2,3,120
2004-11-30,0,0,0,0,1,49,0,1,11,9,0,2,73
2004-12-31,0,1,0,1,2,29,2,0,20,14,2,12,83
2005-01-31,0,0,0,1,6,92,3,2,38,19,7,9,177
2005-02-28,0,0,1,0,0,28,4,4,18,8,5,3,71
2005-03-31,0,0,2,0,12,99,3,0,45,17,1,19,198
2005-04-30,0,0,0,0,5,102,3,5,67,22,1,4,209
2005-05-31,0,0,4,0,4,100,1,3,62,27,11,19,231
2005-06-30,0,0,2,0,3,36,0,6,46,35,9,7,144
2005-07-31,0,1,0,0,16,138,3,3,67,5,14,26,273
2005-08-31,0,1,0,0,10,111,1,7,84,42,2,3,261
2005-09-30,0,0,1,0,7,53,0,0,44,7,2,6,120
2005-10-31,0,1,0,0,10,54,0,2,62,11,3,1,144
2005-11-30,0,0,0,1,0,31,3,1,31,5,1,1,74
2005-12-31,0,0,1,0,3,43,1,16,41,6,4,6,121
2006-01-31,0,1,1,0,4,78,2,8,94,46,18,25,277
2006-02-28,0,0,0,0,4,243,0,7,112,40,1,26,433
2006-03-31,0,0,0,0,0,65,1,0,33,13,5,3,120
2006-04-30,1,4,1,0,20,161,4,9,149,35,15,17,416
2006-05-31,0,0,0,1,3,74,0,8,91,19,7,3,206
2006-06-30,0,0,0,0,3,41,2,2,52,12,7,0,119
2006-07-31,0,0,2,0,12,120,3,7,93,12,14,7,270
2006-08-31,1,0,1,0,18,91,1,4,93,26,7,1,243
2006-09-30,0,0,0,0,2,74,1,0,60,9,2,8,156
2006-10-31,0,0,0,0,1,94,0,2,64,11,10,4,186
2006-11-30,0,0,0,0,2,64,1,1,52,32,10,1,163
2006-12-31,0,0,1,0,1,77,0,2,44,17,18,3,163
2007-01-31,0,0,0,0,0,71,1,4,68,13,16,3,176
2007-02-28,0,0,0,0,7,94,3,0,51,34,35,10,234
2007-03-31,0,0,1,0,2,114,5,2,46,30,24,4,228
2007-04-30,0,1,2,0,3,76,1,2,76,35,14,7,217
2007-05-31,0,1,0,0,1,56,1,1,64,24,23,1,172
2007-06-30,0,0,0,0,4,319,1,6,136,72,35,15,588
2007-07-31,0,0,0,0,5,85,2,1,95,13,18,4,223
2007-08-31,0,0,0,0,12,51,1,2,71,20,39,4,200
2007-09-30,0,1,0,0,2,50,1,1,70,19,16,5,165
2007-10-31,0,0,0,0,2,216,2,7,62,33,12,1,335
2007-11-30,1,1,1,0,23,188,0,7,182,65,52,11,531
2007-12-31,0,0,0,0,1,65,0,14,61,7,18,7,173
2008-01-31,0,0,2,0,9,136,1,6,117,26,25,5,327
2008-02-29,0,0,1,1,10,47,6,3,46,11,14,18,157
2008-03-31,0,0,1,2,4,152,2,3,120,18,17,4,323
2008-04-30,2,0,0,2,18,225,4,9,157,38,33,17,505
2008-05-31,0,0,4,1,17,179,2,13,169,43,48,24,500
2008-06-30,3,0,3,1,25,174,1,21,163,50,57,11,509
2008-07-31,0,0,13,3,29,149,3,13,215,82,39,11,557
2008-08-31,1,0,6,11,19,125,5,14,126,94,34,24,459
2008-09-30,0,0,1,2,8,62,1,14,111,40,14,17,270
2008-10-31,0,0,1,1,18,83,4,20,128,27,31,13,326
2008-11-30,0,0,2,0,24,101,2,15,208,37,31,9,429
2008-12-31,2,0,2,1,28,103,0,13,199,48,37,10,443
2009-01-31,0,0,1,0,8,125,2,14,164,37,39,13,403
2009-02-28,0,1,3,1,13,95,0,13,126,35,24,28,339
2009-03-31,0,0,4,2,13,117,1,13,157,66,11,30,414
2009-04-30,0,0,1,1,9,119,0,16,186,50,21,12,415
2009-05-31,0,0,7,1,15,105,3,12,197,33,28,17,418
2009-06-30,0,0,6,1,17,89,3,11,211,55,25,13,431
2009-07-31,0,0,1,1,22,113,3,14,203,52,31,26,466
2009-08-31,0,0,4,0,14,100,1,14,202,34,20,10,399
2009-09-30,0,0,2,1,7,104,1,16,122,71,17,4,345
2009-10-31,1,0,2,0,16,133,0,12,168,58,18,11,419
2009-11-30,0,8,0,0,24,112,1,11,101,46,25,9,337
2009-12-31,0,0,0,0,7,149,1,13,115,24,24,9,342
2010-01-31,0,0,1,0,14,54,0,7,142,25,9,20,272
2010-02-28,1,0,0,0,20,141,3,15,153,43,29,11,416
2010-03-31,0,0,1,0,8,95,2,15,162,49,22,8,362
2010-04-30,0,0,0,0,18,97,1,5,157,47,24,12,361
2010-05-31,0,0,0,0,12,104,5,20,195,85,30,11,462
2010-06-30,0,0,1,0,17,101,1,20,149,34,43,9,375
2010-07-31,0,1,1,0,36,147,2,7,169,21,23,8,415
2010-08-31,0,0,0,1,23,168,1,11,147,22,23,10,406
2010-09-30,0,0,2,0,29,157,3,8,245,53,26,5,528
2010-10-31,0,0,1,0,22,133,3,7,129,44,28,5,372
2010-11-30,0,0,2,0,36,145,2,23,171,29,36,22,466
2010-12-31,0,0,0,0,26,121,1,10,156,21,38,12,385
2011-01-31,0,0,0,0,23,107,4,13,159,32,45,19,402
2011-02-28,0,0,1,0,29,76,1,13,184,35,30,11,380
2011-03-31,0,0,0,0,18,125,0,17,209,35,29,12,445
2011-04-30,0,0,0,0,18,148,1,15,192,23,29,7,433
2011-05-31,0,0,2,0,15,154,1,17,210,22,28,5,454
2011-06-30,0,0,0,0,18,139,1,4,150,32,46,7,397
2011-07-31,0,0,0,3,17,118,0,0,184,18,41,11,392
2011-08-31,0,0,0,0,11,130,0,0,143,23,33,1,341
2011-09-30,0,0,1,0,17,132,1,0,133,19,33,4,340
2011-10-31,0,0,2,1,13,133,1,0,173,44,43,8,418
2011-11-30,0,0,2,0,13,234,1,16,233,48,102,4,653
2011-12-31,0,1,1,0,6,167,1,11,167,25,35,6,420
2012-01-31,0,1,0,0,10,232,9,8,288,28,144,8,728
2012-02-29,0,0,2,1,2,164,0,9,235,35,105,3,556
2012-03-31,0,0,0,0,9,165,3,9,287,68,102,12,655
2012-04-30,0,0,1,0,15,214,3,15,316,47,96,15,722
2012-05-31,0,0,1,1,21,194,10,12,425,41,97,41,843
2012-06-30,0,0,1,1,27,201,4,9,382,40,94,16,775
2012-07-31,0,0,5,0,17,209,2,18,338,52,90,9,740
2012-08-31,0,0,1,0,29,253,4,19,333,78,87,8,812
2012-09-30,0,0,1,0,9,228,1,9,268,34,79,19,648
2012-10-31,0,0,0,1,16,201,0,11,339,72,125,12,777
2012-11-30,0,0,0,0,11,205,3,8,329,53,69,10,688
2012-12-31,0,0,0,0,7,143,0,6,263,39,80,40,578
2013-01-31,0,2,1,0,15,208,3,30,398,64,83,33,837
2013-02-28,0,0,1,0,10,186,3,20,268,97,86,23,694
2013-03-31,0,1,0,1,4,231,5,10,349,75,97,25,798
2013-04-30,0,0,0,2,10,252,8,17,479,137,76,12,993
2013-05-31,0,0,0,0,15,343,5,17,482,135,84,25,1106
2013-06-30,0,0,3,7,7,311,0,10,345,90,59,25,857
2013-07-31,0,0,0,0,18,522,2,13,417,100,78,19,1169
2013-08-31,0,5,1,0,14,460,2,9,332,112,83,19,1037
2013-09-30,1,0,1,0,12,401,1,6,359,92,72,10,955
2013-10-31,0,4,0,1,21,476,2,22,399,122,91,25,1163
2013-11-30,0,2,0,3,20,558,1,15,433,82,78,22,1214
2013-12-31,0,0,0,1,19,612,0,13,351,82,112,23,1213
2014-01-31,0,0,0,6,15,587,1,19,484,91,144,11,1358
2014-02-28,2,0,2,3,18,637,1,15,415,117,163,16,1389
2014-03-31,0,0,3,5,9,730,2,21,369,113,244,26,1522
2014-04-30,0,1,0,3,72,575,5,26,510,65,200,16,1473
2014-05-31,2,1,1,8,86,706,4,19,472,153,213,8,1673
2014-06-30,0,0,0,4,90,548,6,23,438,72,204,19,1404
2014-07-31,0,2,0,6,196,680,0,37,394,84,318,12,1729
2014-08-31,1,0,0,1,78,549,1,33,438,84,146,26,1357
2014-09-30,1,0,1,4,88,491,3,25,403,77,179,17,1289
2014-10-31,0,1,0,1,138,545,5,24,330,74,191,20,1329
2014-11-30,1,0,1,2,105,453,6,27,369,79,165,24,1232
2014-12-31,2,0,1,0,67,438,3,14,376,73,154,20,1148
2015-01-31,1,0,0,0,143,544,2,5,564,74,173,28,1534
2015-02-28,0,0,1,1,82,453,5,15,455,81,179,23,1295
2015-03-31,2,0,0,6,103,468,2,9,327,88,160,18,1183
2015-04-30,3,0,2,2,81,537,1,5,365,99,161,21,1277
2015-05-31,1,0,0,3,54,473,3,19,468,100,174,21,1316
2015-06-30,0,1,0,2,40,499,9,39,358,71,137,12,1168
2015-07-31,1,0,0,4,34,534,7,34,329,97,203,20,1263
2015-08-31,0,0,0,6,49,579,5,15,398,82,135,21,1290
2015-09-30,0,0,3,2,19,446,3,16,367,75,149,27,1107
2015-10-31,2,0,0,0,31,552,10,7,355,120,147,45,1269
2015-11-30,2,0,3,1,27,500,10,6,313,84,174,52,1172
2015-12-31,2,0,1,1,21,451,5,6,286,101,172,45,1091
2016-01-31,0,0,0,0,5,574,5,4,328,74,145,27,1162
2016-02-29,1,0,2,1,16,510,4,19,319,106,145,30,1153
2016-03-31,0,1,1,0,14,481,2,12,283,118,205,28,1145
2016-04-30,1,0,0,1,18,510,3,18,293,98,158,20,1120
2016-05-31,2,1,1,0,13,639,3,12,356,121,190,15,1353
2016-06-30,1,0,4,0,8,528,6,11,298,83,196,21,1156
2016-07-31,1,0,2,1,5,510,14,14,265,66,203,33,1114
2016-08-31,0,0,2,0,17,483,11,17,343,127,144,18,1162
2016-09-30,2,0,1,0,14,518,11,16,288,35,143,17,1045
2016-10-31,0,1,3,0,12,524,7,9,332,53,178,21,1140
2016-11-30,1,0,0,3,3,447,4,16,271,128,220,21,1114
2016-12-31,1,0,1,2,9,391,5,11,263,68,150,22,923
2017-01-31,0,0,2,2,9,336,11,22,251,58,164,24,879
2017-02-28,0,1,1,1,6,364,8,15,247,78,137,21,879
2017-03-31,0,0,2,0,12,342,10,15,293,96,160,31,961
2017-04-30,1,0,0,0,9,297,10,13,230,118,171,16,865
2017-05-31,0,1,1,0,11,357,12,16,400,93,167,23,1081
2017-06-30,1,0,0,1,10,396,9,14,330,81,194,41,1077
2017-07-31,9,0,0,0,7,358,8,19,294,83,194,22,994
2017-08-31,0,0,0,1,12,338,7,12,278,128,170,22,968
2017-09-30,0,1,0,0,10,282,7,15,249,81,163,30,838
2017-10-31,0,1,1,2,10,257,7,15,282,61,149,20,805
2017-11-30,0,0,0,0,5,240,3,8,303,64,161,20,804
2017-12-31,1,0,0,0,9,213,5,8,273,79,140,21,749
